{"cameraMode":{"drawMode":0,"name":"Shaded","section":"Shading Mode"},"sceneLighting":true,"audioPlay":false,"sceneViewState":{"m_AlwaysRefresh":false,"showFog":true,"showSkybox":true,"showFlares":true,"showImageEffects":true,"showParticleSystems":true,"showVisualEffectGraphs":true,"m_FxEnabled":true},"in2DMode":false,"pivot":{"x":-48.65888595581055,"y":33.90843200683594,"z":40.555458068847659},"rotation":{"x":0.06584985554218292,"y":0.9163710474967957,"z":-0.16902859508991242,"w":0.3568977415561676},"size":0.2283860296010971,"orthographic":false}